question,answer

What is Java?, Java is a high-level object-oriented programming language created by Sun Microsystems in 1995 and now owned by Oracle.
What is NLP?, NLP stands for Natural Language Processing.
What is Machine Learning?, Machine Learning is a subset of Artificial Intelligence.
What is return policy?, returns can be allow with in 3 day of delivery.
when i get the product?, your product will be deliver with in 3 days of order.
Who developed Python?, Python was developed by Guido van Rossum.
What is Data Science?, Data Science is the process of extracting knowledge from data.
What is Chatbot?, A chatbot is a program that communicates with users automatically.
What is Computer Science Engineering?, CSE is a field that combines programming and engineering.
What is Deep Learning?, Deep Learning is a type of machine learning that uses neural networks.
What is a programming language?, A programming language is used to give instructions to a computer.
What is a database?, A database is used to store and manage data.
What is cloud computing?, Cloud computing allows users to store data using the internet.
What is software development?, Software development is the process of creating software.
What is a web application?, A web application is a program that runs in a browser.
What is frontend development?, Frontend development focuses on the design of a website.
What is backend development?, Backend development focuses on server and database logic.
What is artificial intelligence used for?, Artificial Intelligence is used in chatbots healthcare and automation.
What is a virtual assistant?, A virtual assistant is an AI system that helps users automatically.
What is natural language processing used for?, Natural Language Processing is used to understand human language.
What is an AI project?, An AI project is a project that uses artificial intelligence to solve problems.
Who are you?, I am a Hybrid AI FAQ Virtual Assistant created to help users.
Who is your creator?, My creator is Ibrahim Ahmed and he built me using AI technologies.
What can you do?, I can answer questions related to AI programming and technology.
Why are you created?, I was created to help students learn AI and programming easily.
How do you work?, I work by searching stored questions and giving accurate answers.
What is machine learning used for?, Machine Learning is used for prediction automation and smart systems.
What is data analysis?, Data analysis is the process of studying data to find useful information.
What is coding?, Coding means writing instructions for a computer.
What is Python used for?, Python is used for AI web development and data science.
What is automation?, Automation means completing tasks automatically using technology.
What is artificial intelligence in simple words?, Artificial Intelligence means machines that can think like humans.
What is a chatbot project?, A chatbot project is a project where a program talks with users.
What is a smart system?, A smart system is a system that can learn and improve automatically.
What is technology?,Technology means using science to create useful tools.
What is computer science?, Computer science is the study of computers and programming.
What is a server?, A server is a system that provides data to other computers.
What is a website?, A website is a collection of web pages on the internet.
What is Sql>, SQL (Structured Query Language) is the standard language for interacting with relational databases.
What is CSS?, CSS is used to design web pages.
What is JavaScript?, JavaScript is used to make web pages interactive.
What is artificial intelligence future?, The future of artificial intelligence is very powerful and useful.

What is an algorithm?, An algorithm is a step by step procedure used to solve a problem.
What is data structure?, A data structure is a way of organizing and storing data efficiently.
What is artificial neural network?, An artificial neural network is a model inspired by the human brain.
What is supervised learning?, Supervised learning is a type of machine learning that uses labeled data.
What is unsupervised learning?, Unsupervised learning is a type of machine learning that works without labeled data.
What is reinforcement learning?, Reinforcement learning is a type of learning where machines learn from rewards and mistakes.
What is a compiler?, A compiler is a program that converts source code into machine code.
What is an interpreter?, An interpreter is a program that executes code line by line.
What is open source software?, Open source software is software whose source code is available for everyone.
What is an operating system?, An operating system is software that manages computer hardware and software.
What is artificial intelligence chatbot?, An artificial intelligence chatbot is a chatbot that understands user questions intelligently.
What is text processing?, Text processing is the method of analyzing and modifying text data.
What is voice recognition?, Voice recognition is the technology that converts speech into text.
What is speech to text?, Speech to text is a technology that changes spoken words into written text.
What is text to speech?, Text to speech is a technology that converts text into spoken voice.
What is pattern recognition?, Pattern recognition is the process of identifying patterns in data.
What is computer programming?, Computer programming is the process of writing instructions for a computer.
What is input in a program?, Input is the data given to a program.
What is output in a program?, Output is the result produced by a program.
What is software testing?, Software testing is the process of checking whether a program works correctly.
What is debugging?, Debugging is the process of finding and fixing errors in a program.
What is an error in programming?, An error in programming is a mistake in the code.
What is a syntax error?, A syntax error is an error caused by incorrect program structure.
What is a logical error?, A logical error is an error where the program runs but gives the wrong result.
What is runtime error?, A runtime error is an error that occurs while the program is running.
What is artificial intelligence model?, An artificial intelligence model is a system trained to perform tasks.
What is training data?, Training data is the data used to train a machine learning model.
What is prediction in machine learning?, Prediction in machine learning means guessing the result using trained data.
What is feature in machine learning?, A feature is an important piece of data used for training a model.
What is dataset?, A dataset is a collection of related data.
What is automation in artificial intelligence?, Automation in artificial intelligence means completing tasks automatically using AI.
What is a smart chatbot?, A smart chatbot is a chatbot that understands user questions more accurately.
What is computer vision?, Computer vision is a field of AI that helps computers understand images.
What is image recognition?, Image recognition is the process of identifying objects in images.
What is digital technology?, Digital technology is technology that works using digital signals.
What is artificial intelligence application?, Artificial intelligence application means using AI to solve real problems.
What is modern technology?, Modern technology refers to the latest tools and software used today.
What is future technology?, Future technology refers to technologies that will be used in coming years.
What is innovation in technology?, Innovation in technology means creating new and better solutions.
What is intelligent system?, An intelligent system is a system that can learn and make decisions.

What is artificial intelligence in real life?, Artificial intelligence is used in daily life like voice assistants recommendation systems and smart devices.
What is the main goal of artificial intelligence?, The main goal of artificial intelligence is to make machines intelligent.
What is human intelligence?, Human intelligence is the ability to think learn and make decisions.
What is learning in machine learning?, Learning in machine learning means improving performance using data.
What is the difference between AI and machine learning?, AI is a broader concept while machine learning is a part of AI.
What is the use of chatbot in education?, Chatbots are used in education to help students learn and get answers quickly.
What is the role of data in artificial intelligence?, Data is very important in artificial intelligence because machines learn from data.
What is smart technology?, Smart technology is technology that can think learn and respond automatically.
What is a computer program?, A computer program is a set of instructions given to a computer.
What is information technology?, Information technology is the use of computers to store and manage information.
What is a digital system?, A digital system is a system that works using binary numbers.
What is binary number?, A binary number is a number that uses only 0 and 1.
What is artificial intelligence assistant?, An artificial intelligence assistant is a system that helps users using AI.
What is an intelligent chatbot project?, An intelligent chatbot project is a project where a chatbot understands user questions smartly.
What is modern artificial intelligence?, Modern artificial intelligence refers to advanced AI systems used today.
What is student project in AI?, A student project in AI is a project created by students using artificial intelligence.
What is the importance of artificial intelligence?, Artificial intelligence is important because it makes systems faster and smarter.
What is computer based system?, A computer based system is a system that works using a computer.
What is a smart application?, A smart application is an application that uses artificial intelligence.
What is data in simple words?, Data is raw information collected for processing.
What is technology in simple words?, Technology means tools created to make human life easier.
What is future of computer science?, The future of computer science is very powerful and advanced.
What is artificial intelligence software?, Artificial intelligence software is software that works using AI.
What is digital communication?, Digital communication is communication using digital devices.
What is internet technology?, Internet technology refers to technology used on the internet.
What is computer knowledge?, Computer knowledge means understanding how computers work.
What is information in computing?, Information is processed data that is useful.
What is a technical project?, A technical project is a project related to technology.
What is an academic project?, An academic project is a project done by students for learning.
What is smart learning?, Smart learning is learning using modern technology.
What is computer application?, A computer application is software designed for users.
What is AI based project?, An AI based project is a project that uses artificial intelligence.
What is the role of programming in AI?, Programming is required to create artificial intelligence systems.
What is software in simple words?, Software is a program that runs on a computer.
What is hardware in simple words?, Hardware refers to the physical parts of a computer.
What is smart education?, Smart education means using technology to improve learning.
What is the importance of programming?, Programming is important because it helps build software and AI systems.
What is digital world?, Digital world refers to a world controlled by technology.
What is computer technology?, Computer technology refers to the use of computers in modern life.
What is a modern AI system?, A modern AI system is an intelligent system that can learn and respond.
